PQID,CMT,UNM,CAT
160,10,Yoni Ben-Meshulam,I
90012,3,Andre d,O
90013,6,Andre d,O
90014,10,Andre d,O
90015,3,Andre d,O
90016,3,Andre d,O
90017,2,Andre d,O
90018,1,Andre d,O
90019,3,Andre d,O
90020,1,Andre d,O
90021,1,Andre d,O
90022,14,Andre d,O
90023,48,Andre d,O
90024,48,Andre d,O
90025,21,Andre d,O
90026,12,Andre d,O
90027,13,Andre d,O
90028,6,Andre d,O
90029,5,Andre d,O
90030,39,Andre d,O
90031,18,Andre d,O
90032,21,Andre d,O
90033,7,Andre d,O
90034,2,Andre d,O
90042,2,Pavel,O
90043,3,Pavel,O
90044,2,Pavel,O
90045,1,Pavel,O
90046,2,Pavel,O
90047,2,Pavel,O
90048,1,Pavel,O
90049,4,David H.,O
90050,5,David H.,O
90051,1,David H.,O
90052,11,David H.,O
90053,1,David H.,O
90056,11,maxwellhansen,O
90059,3,Neil Williams,O
90060,7,Neil Williams,O
90061,15,Neil Williams,O
90062,9,Neil Williams,O
90063,19,Neil Williams,O
90064,11,Neil Williams,O
90065,21,Neil Williams,O
90066,31,Neil Williams,O
90067,18,Neil Williams,O
90068,17,Neil Williams,O
90069,11,Neil Williams,O
90070,28,Neil Williams,O
90071,29,Neil Williams,O
90072,36,Neil Williams,O
90073,42,Neil Williams,O
90074,36,Neil Williams,O
90075,46,Neil Williams,O
90076,30,Neil Williams,O
90077,28,Neil Williams,O
90078,31,Neil Williams,O
90079,40,Neil Williams,O
90080,53,Neil Williams,O
90081,16,Neil Williams,O
90082,20,Neil Williams,O
90083,1,Neil Williams,O
90084,25,Neil Williams,O
90085,10,Neil Williams,O
90086,10,Neil Williams,O
90087,8,Neil Williams,O
90088,4,Neil Williams,O
90089,1,Neil Williams,O
90101,3,Your Name,O
90102,11,Your Name,O
90109,1,Bryce Boe,O
90110,3,Bryce Boe,O
90111,6,Bryce Boe,O
90112,1,Bryce Boe,O
90113,3,Bryce Boe,O
90114,7,Bryce Boe,O
90115,1,Bryce Boe,O
90116,1,Bryce Boe,O
90117,1,Bryce Boe,O
90118,2,Bryce Boe,O
90119,9,David King,O
90120,4,David King,O
90121,7,David King,O
90122,15,David King,O
90123,3,David King,O
90124,6,David King,O
90125,9,David King,O
90126,7,David King,O
90127,3,David King,O
90128,1,David King,O
90129,6,David King,O
90130,3,David King,O
90131,15,David King,O
90132,3,David King,O
90133,2,David King,O
90134,1,David King,O
90135,5,David King,O
90136,1,David King,O
90137,1,David King,O
90138,1,David King,O
90139,3,David King,O
90144,3,Brian Simpson,O
90145,5,Brian Simpson,O
90146,5,Brian Simpson,O
90147,2,Brian Simpson,O
90148,2,Brian Simpson,O
90149,5,Brian Simpson,O
90150,10,Brian Simpson,O
90151,4,Brian Simpson,O
90152,4,Brian Simpson,O
90153,10,Brian Simpson,O
90154,11,Brian Simpson,O
90155,4,Brian Simpson,O
90156,13,Brian Simpson,O
90157,21,Brian Simpson,O
90158,10,Brian Simpson,O
90159,32,Brian Simpson,O
90160,23,Brian Simpson,O
90161,5,Brian Simpson,O
90162,22,Brian Simpson,O
90163,21,Brian Simpson,O
90164,20,Brian Simpson,O
90165,34,Brian Simpson,O
90166,16,Brian Simpson,O
90167,13,Brian Simpson,O
90168,15,Brian Simpson,O
90169,1,Brian Simpson,O
90170,1,Brian Simpson,O
90171,7,Logan Hanks,O
90172,11,Logan Hanks,O
90173,14,Logan Hanks,O
90174,14,Logan Hanks,O
90175,16,Logan Hanks,O
90176,17,Logan Hanks,O
90177,6,Logan Hanks,O
90178,4,Logan Hanks,O
90179,3,Logan Hanks,O
90180,6,Logan Hanks,O
90181,22,Logan Hanks,O
90182,1,Logan Hanks,O
90183,21,Logan Hanks,O
90184,14,Logan Hanks,O
90185,19,Logan Hanks,O
90186,21,Logan Hanks,O
90187,2,Logan Hanks,O
90188,7,Logan Hanks,O
90189,5,Logan Hanks,O
90190,14,Logan Hanks,O
90191,2,Logan Hanks,O
90192,1,Logan Hanks,O
90193,1,Logan Hanks,O
90196,1,Max Goodman,O
90197,26,Max Goodman,O
90198,32,Max Goodman,O
90199,9,Max Goodman,O
90200,16,Max Goodman,O
90201,28,Max Goodman,O
90202,37,Max Goodman,O
90203,28,Max Goodman,O
90204,20,Max Goodman,O
90205,9,Max Goodman,O
90206,14,Max Goodman,O
90207,35,Max Goodman,O
90208,9,Max Goodman,O
90209,17,Max Goodman,O
90210,16,Max Goodman,O
90211,20,Max Goodman,O
90212,46,Max Goodman,O
90213,35,Max Goodman,O
90214,27,Max Goodman,O
90215,30,Max Goodman,O
90216,18,Max Goodman,O
90217,19,Max Goodman,O
90218,29,Max Goodman,O
90219,66,Max Goodman,O
90220,46,Max Goodman,O
90221,83,Max Goodman,O
90222,19,Max Goodman,O
90223,43,Max Goodman,O
90224,11,Max Goodman,O
90225,5,Max Goodman,O
90237,15,Dave Pifke,O
90238,4,DEADB33F,O
90239,12,DEADB33F,O
90240,2,DEADB33F,O
90241,1,DEADB33F,O
90242,1,Ricky Ramirez,O
90243,1,Ricky Ramirez,O
90244,2,Ricky Ramirez,O
90245,1,Ricky Ramirez,O
90246,4,Ricky Ramirez,O
90247,6,Ricky Ramirez,O
90248,11,Ricky Ramirez,O
90249,2,Ricky Ramirez,O
90250,1,Ricky Ramirez,O
90251,7,Ricky Ramirez,O
90252,10,Ricky Ramirez,O
90253,9,Ricky Ramirez,O
90254,9,Ricky Ramirez,O
90266,12,Jonas Häggqvist,O
90267,2,Jonas Häggqvist,O
90275,5,shlurbee,O
90276,9,shlurbee,O
90277,19,shlurbee,O
90278,6,shlurbee,O
90279,5,shlurbee,O
90280,16,shlurbee,O
90281,6,shlurbee,O
90282,2,aperson,O
90283,4,aperson,O
90284,6,aperson,O
90285,3,aperson,O
90297,4,Jeremy Edberg,O
90298,8,Jeremy Edberg,O
90299,3,Jeremy Edberg,O
90300,1,Jeremy Edberg,O
90301,3,Jeremy Edberg,O
90302,3,Jeremy Edberg,O
90303,1,Jeremy Edberg,O
90304,2,Jeremy Edberg,O
90307,3,/u/rolmos,O
90308,2,/u/rolmos,O
90309,3,/u/rolmos,O
90310,1,/u/rolmos,O
90312,5,Chad Birch,O
90313,1,Chad Birch,O
90314,2,Chad Birch,O
90315,1,Chad Birch,O
90316,6,Chad Birch,O
90317,17,Chad Birch,O
90318,21,Chad Birch,O
90319,13,Chad Birch,O
90320,7,Chad Birch,O
90321,16,Chad Birch,O
90322,19,Chad Birch,O
90323,16,Chad Birch,O
90324,1,Roger Ostrander,O
90325,2,Roger Ostrander,O
90326,2,Roger Ostrander,O
90327,2,Roger Ostrander,O
90328,2,Roger Ostrander,O
90329,1,Roger Ostrander,O
90330,1,Roger Ostrander,O
90331,2,Roger Ostrander,O
90332,3,Roger Ostrander,O
90333,1,Roger Ostrander,O
90334,4,Keith Mitchell,O
90335,9,Keith Mitchell,O
90336,4,Keith Mitchell,O
90337,2,Keith Mitchell,O
90338,3,Keith Mitchell,O
90339,12,Keith Mitchell,O
90340,9,Keith Mitchell,O
90341,14,Keith Mitchell,O
90342,11,Keith Mitchell,O
90343,15,Keith Mitchell,O
90344,6,Keith Mitchell,O
90345,14,Keith Mitchell,O
90346,13,Keith Mitchell,O
90347,20,Keith Mitchell,O
90348,10,Keith Mitchell,O
90349,24,Keith Mitchell,O
90350,13,Keith Mitchell,O
90351,11,Keith Mitchell,O
90352,18,Keith Mitchell,O
90353,7,Keith Mitchell,O
90354,3,Keith Mitchell,O
90355,1,Jason Harvey,O
90356,1,Jason Harvey,O
90357,1,Jason Harvey,O
90358,1,Jason Harvey,O
90359,13,Jason Harvey,O
90360,3,Jason Harvey,O
90361,3,Jason Harvey,O
90362,2,Jason Harvey,O
90363,2,Jason Harvey,O
90364,9,Jason Harvey,O
90365,2,Jason Harvey,O
90366,1,Jason Harvey,O
90367,3,Jason Harvey,O
90368,1,Jason Harvey,O
90379,2,Jeff Sandberg,O
90380,24,Jeff Sandberg,O
90381,9,Jeff Sandberg,O
90409,3,Christopher Slowe,O
90410,16,Christopher Slowe,O
90411,4,Christopher Slowe,O
90412,9,Christopher Slowe,O
90413,11,Christopher Slowe,O
90414,10,Christopher Slowe,O
90415,10,Christopher Slowe,O
90416,11,Christopher Slowe,O
90417,3,Christopher Slowe,O
90418,12,Christopher Slowe,O
90419,7,Christopher Slowe,O
90420,18,Christopher Slowe,O
90421,2,Christopher Slowe,O
90422,1,Christopher Slowe,O
90423,5,Christopher Slowe,O
90424,2,Christopher Slowe,O
90431,1,Mike,O
90432,3,Mike,O
90433,5,Mike,O
90434,9,Mike,O
90435,7,Mike,O
90436,1,Mike,O
90437,8,Christopher Slowe,O
90438,1,Christopher Slowe,O
90439,1,Christopher Slowe,O
90440,1,Christopher Slowe,O
90441,2,Christopher Slowe,O
90442,1,Christopher Slowe,O
90443,3,spez,O
90444,3,spez,O
90445,14,spez,O
90446,14,spez,O
90447,12,spez,O
90448,4,spez,O
90449,5,spez,O
90450,13,spez,O
90451,8,spez,O
90452,2,spez,O
90453,7,spez,O
90454,13,spez,O
90455,6,spez,O
90464,5,shuffman,O
90465,4,shuffman,O
