UID,UNM,CMT
155259,Max Goodman,794
76310,Neil Williams,656
155195,Brian Simpson,312
955,Andre d,287
155199,Logan Hanks,228
155864,Keith Mitchell,222
155842,Chad Birch,124
156166,Christopher Slowe,124
155140,David King,105
505626,spez,104
155543,shlurbee,66
155366,Ricky Ramirez,64
155868,Jason Harvey,43
156058,Jeff Sandberg,35
505624,Mike,26
153444,Bryce Boe,26
155775,Jeremy Edberg,25
47820,David H.,22
155364,DEADB33F,19
155862,Roger Ostrander,17
155338,Dave Pifke,15
155600,aperson,15
155477,Jonas Häggqvist,14
134515,Your Name,14
505625,Christopher Slowe,14
42961,Pavel,13
62975,maxwellhansen,11
1280,Yoni Ben-Meshulam,10
505636,shuffman,9
155794,/u/rolmos,9
