PQID,UID,Year,Month,Day,CMT_AMT,CAT,UNM
160,1280,2012,7,25,7,M,Yoni Ben-Meshulam
160,1280,2012,8,10,3,M,Yoni Ben-Meshulam
90012,955,2011,5,19,3,O,Andre d
90013,955,2011,7,18,6,O,Andre d
90014,955,2011,8,10,10,O,Andre d
90015,955,2011,9,29,3,O,Andre d
90016,955,2011,10,26,3,O,Andre d
90017,955,2011,11,11,2,O,Andre d
90018,955,2012,1,4,1,O,Andre d
90019,955,2012,2,3,3,O,Andre d
90020,955,2012,5,23,1,O,Andre d
90021,955,2012,6,27,1,O,Andre d
90022,955,2012,8,24,14,O,Andre d
90023,955,2012,9,28,48,O,Andre d
90024,955,2012,10,2,48,O,Andre d
90025,955,2012,11,26,21,O,Andre d
90026,955,2012,12,13,12,O,Andre d
90027,955,2013,1,13,13,O,Andre d
90028,955,2013,2,22,6,O,Andre d
90029,955,2013,3,11,5,O,Andre d
90030,955,2013,5,29,39,O,Andre d
90031,955,2013,6,6,18,O,Andre d
90032,955,2013,7,31,21,O,Andre d
90033,955,2013,8,4,7,O,Andre d
90034,955,2013,9,24,2,O,Andre d
90042,42961,2012,4,17,2,O,Pavel
90043,42961,2012,5,16,3,O,Pavel
90044,42961,2012,6,21,2,O,Pavel
90045,42961,2012,10,10,1,O,Pavel
90046,42961,2012,12,17,2,O,Pavel
90047,42961,2013,4,14,2,O,Pavel
90048,42961,2013,7,25,1,O,Pavel
90049,47820,2011,12,23,4,O,David H.
90050,47820,2012,1,4,5,O,David H.
90051,47820,2013,3,27,1,O,David H.
90052,47820,2013,4,16,11,O,David H.
90053,47820,2013,5,6,1,O,David H.
90056,62975,2012,8,23,11,O,maxwellhansen
90059,76310,2011,4,27,3,O,Neil Williams
90060,76310,2011,5,25,7,O,Neil Williams
90061,76310,2011,6,9,15,O,Neil Williams
90062,76310,2011,7,21,9,O,Neil Williams
90063,76310,2011,8,24,19,O,Neil Williams
90064,76310,2011,9,3,11,O,Neil Williams
90065,76310,2011,10,21,21,O,Neil Williams
90066,76310,2011,11,17,31,O,Neil Williams
90067,76310,2011,12,28,18,O,Neil Williams
90068,76310,2012,1,30,17,O,Neil Williams
90069,76310,2012,2,9,11,O,Neil Williams
90070,76310,2012,3,28,28,O,Neil Williams
90071,76310,2012,4,27,29,O,Neil Williams
90072,76310,2012,5,21,36,O,Neil Williams
90073,76310,2012,6,28,42,O,Neil Williams
90074,76310,2012,7,30,36,O,Neil Williams
90075,76310,2012,8,30,46,O,Neil Williams
90076,76310,2012,9,29,30,O,Neil Williams
90077,76310,2012,10,26,28,O,Neil Williams
90078,76310,2012,11,20,31,O,Neil Williams
90079,76310,2012,12,14,40,O,Neil Williams
90080,76310,2013,1,28,53,O,Neil Williams
90081,76310,2013,2,4,16,O,Neil Williams
90082,76310,2013,3,13,20,O,Neil Williams
90083,76310,2013,4,30,1,O,Neil Williams
90084,76310,2013,5,7,25,O,Neil Williams
90085,76310,2013,6,26,10,O,Neil Williams
90086,76310,2013,7,16,10,O,Neil Williams
90087,76310,2013,8,21,8,O,Neil Williams
90088,76310,2013,9,9,4,O,Neil Williams
90089,76310,2013,10,1,1,O,Neil Williams
90101,134515,2012,3,27,3,O,Your Name
90102,134515,2012,4,10,11,O,Your Name
90109,153444,2011,11,15,1,O,Bryce Boe
90110,153444,2011,12,5,3,O,Bryce Boe
90111,153444,2012,1,7,6,O,Bryce Boe
90112,153444,2012,2,13,1,O,Bryce Boe
90113,153444,2012,3,15,3,O,Bryce Boe
90114,153444,2012,4,19,7,O,Bryce Boe
90115,153444,2012,5,22,1,O,Bryce Boe
90116,153444,2012,9,28,1,O,Bryce Boe
90117,153444,2012,12,26,1,O,Bryce Boe
90118,153444,2013,1,7,2,O,Bryce Boe
90119,155140,2008,6,30,9,O,David King
90120,155140,2008,7,3,4,O,David King
90121,155140,2008,8,27,7,O,David King
90122,155140,2008,9,30,15,O,David King
90123,155140,2008,10,6,3,O,David King
90124,155140,2008,11,20,6,O,David King
90125,155140,2008,12,17,9,O,David King
90126,155140,2009,2,27,7,O,David King
90127,155140,2009,3,11,3,O,David King
90128,155140,2009,4,25,1,O,David King
90129,155140,2009,5,29,6,O,David King
90130,155140,2009,6,24,3,O,David King
90131,155140,2009,7,31,15,O,David King
90132,155140,2009,8,11,3,O,David King
90133,155140,2010,5,3,2,O,David King
90134,155140,2010,7,21,1,O,David King
90135,155140,2010,10,18,5,O,David King
90136,155140,2011,2,23,1,O,David King
90137,155140,2011,5,26,1,O,David King
90138,155140,2011,12,14,1,O,David King
90139,155140,2013,2,11,3,O,David King
90144,155195,2011,6,9,3,O,Brian Simpson
90145,155195,2011,7,16,5,O,Brian Simpson
90146,155195,2011,8,18,5,O,Brian Simpson
90147,155195,2011,9,7,2,O,Brian Simpson
90148,155195,2011,10,21,2,O,Brian Simpson
90149,155195,2011,11,7,5,O,Brian Simpson
90150,155195,2011,12,27,10,O,Brian Simpson
90151,155195,2012,1,13,4,O,Brian Simpson
90152,155195,2012,2,13,4,O,Brian Simpson
90153,155195,2012,3,30,10,O,Brian Simpson
90154,155195,2012,4,2,11,O,Brian Simpson
90155,155195,2012,5,30,4,O,Brian Simpson
90156,155195,2012,6,6,13,O,Brian Simpson
90157,155195,2012,7,18,21,O,Brian Simpson
90158,155195,2012,8,13,10,O,Brian Simpson
90159,155195,2012,10,21,32,O,Brian Simpson
90160,155195,2012,11,3,23,O,Brian Simpson
90161,155195,2012,12,6,5,O,Brian Simpson
90162,155195,2013,1,30,22,O,Brian Simpson
90163,155195,2013,2,19,21,O,Brian Simpson
90164,155195,2013,3,11,20,O,Brian Simpson
90165,155195,2013,4,15,34,O,Brian Simpson
90166,155195,2013,5,13,16,O,Brian Simpson
90167,155195,2013,6,11,13,O,Brian Simpson
90168,155195,2013,7,12,15,O,Brian Simpson
90169,155195,2013,8,20,1,O,Brian Simpson
90170,155195,2013,9,24,1,O,Brian Simpson
90171,155199,2011,6,21,7,O,Logan Hanks
90172,155199,2011,7,27,11,O,Logan Hanks
90173,155199,2011,8,5,14,O,Logan Hanks
90174,155199,2011,9,23,14,O,Logan Hanks
90175,155199,2011,10,28,16,O,Logan Hanks
90176,155199,2011,11,7,17,O,Logan Hanks
90177,155199,2011,12,14,6,O,Logan Hanks
90178,155199,2012,1,17,4,O,Logan Hanks
90179,155199,2012,2,8,3,O,Logan Hanks
90180,155199,2012,3,23,6,O,Logan Hanks
90181,155199,2012,4,25,22,O,Logan Hanks
90182,155199,2012,6,20,1,O,Logan Hanks
90183,155199,2012,7,31,21,O,Logan Hanks
90184,155199,2012,8,27,14,O,Logan Hanks
90185,155199,2012,9,21,19,O,Logan Hanks
90186,155199,2012,10,18,21,O,Logan Hanks
90187,155199,2012,11,20,2,O,Logan Hanks
90188,155199,2012,12,12,7,O,Logan Hanks
90189,155199,2013,1,30,5,O,Logan Hanks
90190,155199,2013,2,22,14,O,Logan Hanks
90191,155199,2013,3,15,2,O,Logan Hanks
90192,155199,2013,4,12,1,O,Logan Hanks
90193,155199,2013,7,23,1,O,Logan Hanks
90196,155259,2010,10,20,1,O,Max Goodman
90197,155259,2011,5,18,26,O,Max Goodman
90198,155259,2011,6,29,32,O,Max Goodman
90199,155259,2011,7,26,9,O,Max Goodman
90200,155259,2011,8,13,16,O,Max Goodman
90201,155259,2011,9,23,28,O,Max Goodman
90202,155259,2011,10,7,37,O,Max Goodman
90203,155259,2011,11,27,28,O,Max Goodman
90204,155259,2011,12,22,20,O,Max Goodman
90205,155259,2012,1,2,9,O,Max Goodman
90206,155259,2012,2,7,14,O,Max Goodman
90207,155259,2012,3,13,35,O,Max Goodman
90208,155259,2012,4,24,9,O,Max Goodman
90209,155259,2012,5,31,17,O,Max Goodman
90210,155259,2012,6,19,16,O,Max Goodman
90211,155259,2012,7,7,20,O,Max Goodman
90212,155259,2012,8,23,46,O,Max Goodman
90213,155259,2012,9,14,35,O,Max Goodman
90214,155259,2012,10,9,27,O,Max Goodman
90215,155259,2012,11,8,30,O,Max Goodman
90216,155259,2012,12,12,18,O,Max Goodman
90217,155259,2013,1,22,19,O,Max Goodman
90218,155259,2013,2,27,29,O,Max Goodman
90219,155259,2013,3,31,66,O,Max Goodman
90220,155259,2013,4,23,46,O,Max Goodman
90221,155259,2013,5,19,83,O,Max Goodman
90222,155259,2013,6,20,19,O,Max Goodman
90223,155259,2013,7,26,43,O,Max Goodman
90224,155259,2013,8,21,11,O,Max Goodman
90225,155259,2013,9,3,5,O,Max Goodman
90237,155338,2012,3,14,15,O,Dave Pifke
90238,155364,2012,3,30,4,O,DEADB33F
90239,155364,2012,4,25,12,O,DEADB33F
90240,155364,2012,5,9,2,O,DEADB33F
90241,155364,2012,11,19,1,O,DEADB33F
90242,155366,2012,3,29,1,O,Ricky Ramirez
90243,155366,2012,9,27,1,O,Ricky Ramirez
90244,155366,2012,10,30,2,O,Ricky Ramirez
90245,155366,2012,11,21,1,O,Ricky Ramirez
90246,155366,2012,12,19,4,O,Ricky Ramirez
90247,155366,2013,1,17,6,O,Ricky Ramirez
90248,155366,2013,2,10,11,O,Ricky Ramirez
90249,155366,2013,3,28,2,O,Ricky Ramirez
90250,155366,2013,4,11,1,O,Ricky Ramirez
90251,155366,2013,5,10,7,O,Ricky Ramirez
90252,155366,2013,6,19,10,O,Ricky Ramirez
90253,155366,2013,7,12,9,O,Ricky Ramirez
90254,155366,2013,8,9,9,O,Ricky Ramirez
90266,155477,2011,8,27,12,O,Jonas Häggqvist
90267,155477,2013,7,29,2,O,Jonas Häggqvist
90275,155543,2012,5,10,5,O,shlurbee
90276,155543,2012,6,27,9,O,shlurbee
90277,155543,2012,7,26,19,O,shlurbee
90278,155543,2012,8,28,6,O,shlurbee
90279,155543,2012,9,12,5,O,shlurbee
90280,155543,2012,10,29,16,O,shlurbee
90281,155543,2012,11,16,6,O,shlurbee
90282,155600,2011,6,29,2,O,aperson
90283,155600,2011,7,18,4,O,aperson
90284,155600,2012,2,24,6,O,aperson
90285,155600,2013,2,19,3,O,aperson
90297,155775,2008,7,24,4,O,Jeremy Edberg
90298,155775,2008,9,24,8,O,Jeremy Edberg
90299,155775,2008,10,15,3,O,Jeremy Edberg
90300,155775,2009,2,6,1,O,Jeremy Edberg
90301,155775,2009,3,25,3,O,Jeremy Edberg
90302,155775,2009,4,29,3,O,Jeremy Edberg
90303,155775,2009,8,6,1,O,Jeremy Edberg
90304,155775,2010,5,17,2,O,Jeremy Edberg
90307,155794,2012,8,19,3,O,/u/rolmos
90308,155794,2012,9,11,2,O,/u/rolmos
90309,155794,2013,5,9,3,O,/u/rolmos
90310,155794,2013,7,15,1,O,/u/rolmos
90312,155842,2012,3,30,5,O,Chad Birch
90313,155842,2012,8,8,1,O,Chad Birch
90314,155842,2012,9,12,2,O,Chad Birch
90315,155842,2012,10,1,1,O,Chad Birch
90316,155842,2013,1,28,6,O,Chad Birch
90317,155842,2013,2,26,17,O,Chad Birch
90318,155842,2013,3,12,21,O,Chad Birch
90319,155842,2013,4,30,13,O,Chad Birch
90320,155842,2013,5,23,7,O,Chad Birch
90321,155842,2013,6,12,16,O,Chad Birch
90322,155842,2013,7,24,19,O,Chad Birch
90323,155842,2013,8,21,16,O,Chad Birch
90324,155862,2012,9,18,1,O,Roger Ostrander
90325,155862,2012,10,31,2,O,Roger Ostrander
90326,155862,2012,11,20,2,O,Roger Ostrander
90327,155862,2012,12,30,2,O,Roger Ostrander
90328,155862,2013,1,27,2,O,Roger Ostrander
90329,155862,2013,2,26,1,O,Roger Ostrander
90330,155862,2013,4,26,1,O,Roger Ostrander
90331,155862,2013,6,25,2,O,Roger Ostrander
90332,155862,2013,7,30,3,O,Roger Ostrander
90333,155862,2013,8,28,1,O,Roger Ostrander
90334,155864,2011,6,17,4,O,Keith Mitchell
90335,155864,2011,7,7,9,O,Keith Mitchell
90336,155864,2011,8,15,4,O,Keith Mitchell
90337,155864,2011,10,13,2,O,Keith Mitchell
90338,155864,2011,11,15,3,O,Keith Mitchell
90339,155864,2011,12,15,12,O,Keith Mitchell
90340,155864,2012,1,5,9,O,Keith Mitchell
90341,155864,2012,2,14,14,O,Keith Mitchell
90342,155864,2012,3,13,11,O,Keith Mitchell
90343,155864,2012,4,3,15,O,Keith Mitchell
90344,155864,2012,5,16,6,O,Keith Mitchell
90345,155864,2012,6,12,14,O,Keith Mitchell
90346,155864,2012,7,30,13,O,Keith Mitchell
90347,155864,2012,8,22,20,O,Keith Mitchell
90348,155864,2012,9,26,10,O,Keith Mitchell
90349,155864,2012,10,9,24,O,Keith Mitchell
90350,155864,2012,11,12,13,O,Keith Mitchell
90351,155864,2012,12,31,11,O,Keith Mitchell
90352,155864,2013,1,17,18,O,Keith Mitchell
90353,155864,2013,3,22,7,O,Keith Mitchell
90354,155864,2013,4,1,3,O,Keith Mitchell
90355,155868,2011,6,28,1,O,Jason Harvey
90356,155868,2011,7,21,1,O,Jason Harvey
90357,155868,2011,8,18,1,O,Jason Harvey
90358,155868,2012,1,5,1,O,Jason Harvey
90359,155868,2012,8,16,13,O,Jason Harvey
90360,155868,2012,9,17,3,O,Jason Harvey
90361,155868,2012,11,16,3,O,Jason Harvey
90362,155868,2012,12,27,2,O,Jason Harvey
90363,155868,2013,1,19,2,O,Jason Harvey
90364,155868,2013,2,28,9,O,Jason Harvey
90365,155868,2013,3,11,2,O,Jason Harvey
90366,155868,2013,4,8,1,O,Jason Harvey
90367,155868,2013,5,20,3,O,Jason Harvey
90368,155868,2013,7,18,1,O,Jason Harvey
90379,156058,2011,6,28,2,O,Jeff Sandberg
90380,156058,2011,7,25,24,O,Jeff Sandberg
90381,156058,2011,8,31,9,O,Jeff Sandberg
90409,156166,2008,6,18,3,O,Christopher Slowe
90410,156166,2008,7,30,16,O,Christopher Slowe
90411,156166,2008,8,28,4,O,Christopher Slowe
90412,156166,2008,9,26,9,O,Christopher Slowe
90413,156166,2008,10,24,11,O,Christopher Slowe
90414,156166,2009,1,29,10,O,Christopher Slowe
90415,156166,2009,2,19,10,O,Christopher Slowe
90416,156166,2009,3,19,11,O,Christopher Slowe
90417,156166,2009,4,27,3,O,Christopher Slowe
90418,156166,2009,5,26,12,O,Christopher Slowe
90419,156166,2009,6,29,7,O,Christopher Slowe
90420,156166,2009,7,22,18,O,Christopher Slowe
90421,156166,2009,8,12,2,O,Christopher Slowe
90422,156166,2009,12,1,1,O,Christopher Slowe
90423,156166,2010,5,28,5,O,Christopher Slowe
90424,156166,2010,6,25,2,O,Christopher Slowe
90431,505624,2009,2,24,1,O,Mike
90432,505624,2009,4,10,3,O,Mike
90433,505624,2009,5,15,5,O,Mike
90434,505624,2009,6,26,9,O,Mike
90435,505624,2009,7,16,7,O,Mike
90436,505624,2010,5,3,1,O,Mike
90437,505625,2008,8,26,8,O,Christopher Slowe
90438,505625,2009,2,17,1,O,Christopher Slowe
90439,505625,2009,3,15,1,O,Christopher Slowe
90440,505625,2009,6,18,1,O,Christopher Slowe
90441,505625,2009,7,28,2,O,Christopher Slowe
90442,505625,2009,9,27,1,O,Christopher Slowe
90443,505626,2008,6,20,3,O,spez
90444,505626,2008,7,24,3,O,spez
90445,505626,2008,9,30,14,O,spez
90446,505626,2008,10,29,14,O,spez
90447,505626,2008,11,19,12,O,spez
90448,505626,2008,12,16,4,O,spez
90449,505626,2009,1,28,5,O,spez
90450,505626,2009,2,24,13,O,spez
90451,505626,2009,3,25,8,O,spez
90452,505626,2009,4,17,2,O,spez
90453,505626,2009,5,30,7,O,spez
90454,505626,2009,6,22,13,O,spez
90455,505626,2009,7,31,6,O,spez
90464,505636,2008,6,28,5,O,shuffman
90465,505636,2008,7,22,4,O,shuffman
